num_questions_asked,num_questions_correct,num_questions_incorrect,num_questions_not_answered,correct_question_ids,incorrect_question_ids,response_times
40,23,16,1,"[1, 2, 5, 6, 8, 12, 13, 14, 15, 16, 17, 18, 21, 22, 23, 24, 28, 29, 30, 31, 32, 33, 38]","[0, 3, 4, 9, 10, 11, 19, 20, 25, 26, 27, 34, 35, 36, 37, 39]","[0.000370025634765625, 1.6927719116210938e-05, 1.0967254638671875e-05, 1.4066696166992188e-05, 1.4066696166992188e-05, 1.3828277587890625e-05, 1.1920928955078125e-05, 0.00024390220642089844, 7.009506225585938e-05, 1.5974044799804688e-05, 1.2159347534179688e-05, 1.3828277587890625e-05, 1.3113021850585938e-05, 8.821487426757812e-06, 1.2874603271484375e-05, 1.0967254638671875e-05, 1.2159347534179688e-05, 1.3113021850585938e-05, 1.1920928955078125e-05, 1.1920928955078125e-05, 1.0251998901367188e-05, 1.0728836059570312e-05, 9.059906005859375e-06, 1.0013580322265625e-05, 1.0967254638671875e-05, 1.2874603271484375e-05, 1.1920928955078125e-05, 1.1205673217773438e-05, 1.1920928955078125e-05, 1.0013580322265625e-05, 1.3113021850585938e-05, 1.0967254638671875e-05, 1.0013580322265625e-05, 1.0013580322265625e-05, 1.0013580322265625e-05, 1.3113021850585938e-05, 1.0967254638671875e-05, 1.2159347534179688e-05, 1.2636184692382812e-05, 1.3113021850585938e-05]"
