num_questions_asked,num_questions_correct,num_questions_incorrect,num_questions_not_answered,correct_question_ids,incorrect_question_ids,response_times
40,23,15,2,"[1, 2, 5, 6, 7, 8, 13, 14, 15, 16, 18, 21, 22, 23, 24, 28, 29, 30, 31, 32, 33, 34, 38]","[0, 3, 4, 9, 10, 11, 17, 19, 20, 25, 26, 27, 35, 37, 39]","[11.286858081817627, 16.279356956481934, 9.589455842971802, 17.920237064361572, 13.845010757446289, 17.348743200302124, 16.03547430038452, 12.112709999084473, 13.182524919509888, 14.435156106948853, 12.840157985687256, 26.972096920013428, 18.126866340637207, 10.969324827194214, 15.753232955932617, 11.96749210357666, 11.069061994552612, 15.975849866867065, 15.274925947189331, 14.718287229537964, 12.981033086776733, 14.46849513053894, 10.283679962158203, 10.604915142059326, 13.346508026123047, 13.542052984237671, 14.794779300689697, 16.684427976608276, 17.01859998703003, 10.786742925643921, 14.693544864654541, 14.848063945770264, 24.8476881980896, 11.376292943954468, 18.973281860351562, 13.613784074783325, 24.98690104484558, 18.838629007339478, 11.87073302268982, 17.07833981513977]"
