num_questions_asked,num_questions_correct,num_questions_incorrect,num_questions_not_answered,correct_question_ids,incorrect_question_ids,response_times,model_name,prompt_type
40,23,15,2,"[1, 2, 5, 6, 7, 8, 13, 14, 15, 16, 18, 21, 22, 23, 24, 28, 29, 30, 31, 32, 33, 34, 38]","[0, 3, 4, 9, 10, 11, 17, 19, 20, 25, 26, 27, 35, 37, 39]","[0.00015306472778320312, 1.2874603271484375e-05, 1.1920928955078125e-05, 1.0967254638671875e-05, 1.0013580322265625e-05, 1.0013580322265625e-05, 1.71661376953125e-05, 9.059906005859375e-06, 1.0967254638671875e-05, 1.0013580322265625e-05, 1.0967254638671875e-05, 9.059906005859375e-06, 0.00018095970153808594, 1.5974044799804688e-05, 1.2159347534179688e-05, 1.0967254638671875e-05, 9.059906005859375e-06, 1.2874603271484375e-05, 9.059906005859375e-06, 1.0967254638671875e-05, 1.0013580322265625e-05, 1.0013580322265625e-05, 8.821487426757812e-06, 1.2159347534179688e-05, 1.0013580322265625e-05, 9.059906005859375e-06, 1.1205673217773438e-05, 1.1682510375976562e-05, 1.0967254638671875e-05, 9.298324584960938e-06, 1.621246337890625e-05, 1.0013580322265625e-05, 8.821487426757812e-06, 1.0013580322265625e-05, 1.0013580322265625e-05, 1.0013580322265625e-05, 9.202957153320312e-05, 1.3113021850585938e-05, 1.0013580322265625e-05, 1.0967254638671875e-05]",claude-opus-4-20250514,chain_of_thought
