num_questions_asked,num_questions_correct,num_questions_incorrect,num_questions_not_answered,correct_question_ids,incorrect_question_ids,response_times,model_name,prompt_type
40,25,13,2,"[1, 2, 5, 6, 7, 8, 13, 14, 15, 16, 18, 20, 21, 22, 23, 24, 29, 30, 31, 32, 33, 34, 35, 36, 38]","[0, 4, 9, 10, 11, 17, 19, 25, 26, 27, 28, 37, 39]","[11.446861743927002, 13.947197914123535, 11.232510089874268, 24.94450569152832, 19.185018062591553, 15.636802196502686, 13.469454050064087, 12.375086784362793, 14.251583814620972, 14.30611801147461, 14.143333196640015, 16.57019019126892, 16.360858917236328, 11.771162033081055, 12.009795188903809, 13.48790717124939, 13.204342126846313, 16.445908069610596, 18.562949895858765, 19.678553104400635, 14.30190396308899, 13.394047021865845, 12.148699283599854, 10.999190092086792, 12.08690595626831, 13.106136083602905, 15.725207090377808, 19.604620218276978, 17.761132955551147, 12.640676259994507, 13.835299015045166, 15.27095103263855, 14.084591150283813, 10.47635293006897, 17.630390644073486, 13.193019151687622, 16.092617988586426, 19.64241313934326, 14.852333068847656, 15.150614023208618]",claude-opus-4-20250514,chain_of_thought
