num_questions_asked,num_questions_correct,num_questions_incorrect,num_questions_not_answered,correct_question_ids,incorrect_question_ids,response_times,model_name,prompt_type
40,25,13,2,"[1, 2, 5, 6, 8, 13, 14, 15, 16, 18, 21, 22, 23, 24, 28, 29, 30, 31, 32, 33, 34, 35, 36, 38, 39]","[0, 3, 4, 9, 10, 11, 17, 19, 20, 25, 26, 27, 37]","[13.92012882232666, 13.610760927200317, 13.284558057785034, 16.3476779460907, 19.527078866958618, 16.07752275466919, 16.494685173034668, 15.571125030517578, 10.91794490814209, 12.931463956832886, 13.108087062835693, 15.708133935928345, 16.278713703155518, 12.561892747879028, 13.062981128692627, 13.252516984939575, 15.440974950790405, 14.8563072681427, 26.02125859260559, 14.653470039367676, 13.058754682540894, 18.05989694595337, 13.439022064208984, 8.566020011901855, 14.601399898529053, 15.128171920776367, 17.28214192390442, 14.056567192077637, 17.101085901260376, 9.085715770721436, 13.30857515335083, 13.227355003356934, 14.984666109085083, 13.701752185821533, 17.58648920059204, 15.708306074142456, 15.00998592376709, 15.376788854598999, 12.88204574584961, 17.818310022354126]",claude-opus-4-20250514,chain_of_thought
