num_questions_asked,num_questions_correct,num_questions_incorrect,num_questions_not_answered,correct_question_ids,incorrect_question_ids,response_times,model_name,prompt_type
40,21,17,2,"[1, 2, 3, 5, 6, 7, 13, 14, 15, 16, 17, 21, 23, 24, 28, 29, 31, 32, 33, 38, 39]","[0, 4, 8, 9, 10, 11, 19, 20, 22, 25, 26, 27, 30, 34, 35, 36, 37]","[10.187173128128052, 9.301025867462158, 8.122211933135986, 11.332421064376831, 11.70126223564148, 10.565582990646362, 11.029457092285156, 10.635233879089355, 9.606769323348999, 11.48860502243042, 12.147435903549194, 9.183090925216675, 11.127776861190796, 8.836594104766846, 9.082283020019531, 8.522331953048706, 9.208657026290894, 11.050532817840576, 14.008979797363281, 10.106276035308838, 9.123172760009766, 13.243847131729126, 7.886682987213135, 6.609071969985962, 11.020222902297974, 10.424485206604004, 9.573091983795166, 9.036278009414673, 9.824889659881592, 7.508477210998535, 10.239415168762207, 8.886669158935547, 8.638226985931396, 9.302811861038208, 13.415210008621216, 11.10575795173645, 9.175729990005493, 11.0623779296875, 10.76909589767456, 13.795914888381958]",claude-sonnet-4-20250514,chain_of_thought
