num_questions_asked,num_questions_correct,num_questions_incorrect,num_questions_not_answered,correct_question_ids,incorrect_question_ids,response_times,model_name,prompt_type
40,25,13,2,"[0, 1, 2, 3, 5, 6, 7, 9, 10, 11, 13, 14, 16, 18, 19, 20, 23, 26, 28, 31, 34, 35, 37, 38, 39]","[8, 12, 15, 21, 22, 24, 25, 27, 29, 30, 32, 33, 36]","[8.437861919403076, 10.797988176345825, 10.713679075241089, 9.04392409324646, 12.242594003677368, 8.600141763687134, 12.744419813156128, 12.41983699798584, 10.13702392578125, 8.011597871780396, 12.111216068267822, 10.198758125305176, 14.550567865371704, 9.625820875167847, 14.044070959091187, 8.34041690826416, 9.152745008468628, 12.392754077911377, 8.497726917266846, 9.550618171691895, 11.054244756698608, 5.86786413192749, 13.46282172203064, 16.93773102760315, 11.140516757965088, 16.391582012176514, 8.900640964508057, 18.42843985557556, 11.593576908111572, 11.13623309135437, 12.642135858535767, 9.184834003448486, 12.470732927322388, 25.681972980499268, 11.683825254440308, 10.794617176055908, 14.441127061843872, 12.81295895576477, 9.487101793289185, 8.892335891723633]",claude-sonnet-4-20250514,chain_of_thought
