num_questions_asked,num_questions_correct,num_questions_incorrect,num_questions_not_answered,correct_question_ids,incorrect_question_ids,response_times,model_name,prompt_type
40,27,11,2,"[0, 3, 5, 6, 7, 9, 10, 11, 12, 14, 16, 19, 20, 23, 24, 25, 26, 27, 28, 30, 31, 32, 34, 35, 37, 38, 39]","[1, 8, 13, 15, 17, 18, 21, 22, 29, 33, 36]","[17.412126064300537, 12.391027927398682, 17.68244218826294, 13.554935216903687, 25.79037880897522, 11.782796144485474, 17.7260959148407, 18.609463691711426, 13.735733032226562, 10.135592222213745, 13.895282983779907, 16.149126768112183, 17.049824953079224, 13.733711957931519, 12.284152030944824, 15.312124013900757, 13.323323011398315, 11.056689977645874, 14.683608770370483, 10.4457848072052, 19.105068922042847, 9.99332594871521, 18.408540964126587, 25.42631983757019, 13.033047199249268, 19.390482902526855, 11.342539072036743, 14.472758054733276, 14.678808689117432, 13.940728902816772, 13.13762903213501, 10.327654123306274, 20.882120847702026, 13.747495174407959, 14.666386127471924, 13.822149753570557, 32.14966702461243, 15.802510976791382, 11.200814008712769, 11.804709196090698]",claude-opus-4-20250514,chain_of_thought
